{
    "tractionEarth": "1.0543559035051466e+21",
    "vectorDirection_E": -70.76960561765236,
    "tractionSubject": 0.0014128722325027088,
    "vector_direction_S": -70.76960561765236,
    "moon_illumination_fraction": 0.0012022379059861699
}