{
    "tractionEarth": "1.1982506922609554e+21",
    "vectorDirection_E": -64.23504367241067,
    "tractionSubject": 0.001605696070031431,
    "vector_direction_S": -64.23504367241068,
    "globalVectorLong_p_SDnorm1": 0.8797766982641663,
    "moon_illumination_fraction": 0.017140610898397968
}