{
    "tractionEarth": "1.1880247153221047e+21",
    "vectorDirection_E": -64.77922237275264,
    "tractionSubject": 0.001591992918354579,
    "vector_direction_S": -64.77922237275264,
    "moon_illumination_fraction": 0.015344280840822289
}